action_type,activity_comment,activity_id,activity_properties,assay_chembl_id,assay_description,assay_type,assay_variant_accession,assay_variant_mutation,bao_endpoint,bao_format,bao_label,canonical_smiles,data_validity_comment,data_validity_description,document_chembl_id,document_journal,document_year,ligand_efficiency,molecule_chembl_id,molecule_pref_name,parent_molecule_chembl_id,pchembl_value,potential_duplicate,qudt_units,record_id,relation,src_id,standard_flag,standard_relation,standard_text_value,standard_type,standard_units,standard_upper_value,standard_value,target_chembl_id,target_organism,target_pref_name,target_tax_id,text_value,toid,type,units,uo_units,upper_value,value
,"Summarised AC50 (mean value for measurements with a relation sign ""=""; largest value for measurements with relation sign "">"")",25168782,[],CHEMBL5291787,"Compound was evaluated for inhibition of human EGFR in an in vitro cell free assay measured by Caliper microfluidic capillary electrophoresis, time-resolved fluorescence resonance energy transfer method",F,,,BAO_0000186,BAO_0000019,assay format,CN(C)CCC=C1c2ccccc2C(C)(C)c2ccccc21,,,CHEMBL5291721,Nat Commun,2023,,CHEMBL110094,MELITRACEN,CHEMBL110094,,0,http://www.openphacts.org/units/Nanomolar,3940632,>,1,1,>,,AC50,nM,,30000.0,CHEMBL203,Homo sapiens,Epidermal growth factor receptor erbB1,9606,,,AC50,uM,UO_0000065,,30.0
,"Summarised AC50 (mean value for measurements with a relation sign ""=""; largest value for measurements with relation sign "">"")",25168783,[],CHEMBL5291787,"Compound was evaluated for inhibition of human EGFR in an in vitro cell free assay measured by Caliper microfluidic capillary electrophoresis, time-resolved fluorescence resonance energy transfer method",F,,,BAO_0000186,BAO_0000019,assay format,Cc1nnc(SCC2=C(C(=O)O)N3C(=O)[C@@H](NC(=O)Cn4cnnn4)[C@H]3SC2)s1,Outside typical range,"Values for this activity type are unusually large/small, so may not be accurate",CHEMBL5291721,Nat Commun,2023,,CHEMBL1435,CEFAZOLIN,CHEMBL1435,,0,http://www.openphacts.org/units/Nanomolar,3940016,>,1,1,>,,AC50,nM,,300000.0,CHEMBL203,Homo sapiens,Epidermal growth factor receptor erbB1,9606,,,AC50,uM,UO_0000065,,300.0
,"Summarised AC50 (mean value for measurements with a relation sign ""=""; largest value for measurements with relation sign "">"")",25168784,[],CHEMBL5291787,"Compound was evaluated for inhibition of human EGFR in an in vitro cell free assay measured by Caliper microfluidic capillary electrophoresis, time-resolved fluorescence resonance energy transfer method",F,,,BAO_0000186,BAO_0000019,assay format,N[C@@H]1[C@H]2CN(c3nc4c(cc3F)c(=O)c(C(=O)O)cn4-c3ccc(F)cc3F)C[C@@H]12,,,CHEMBL5291721,Nat Commun,2023,,CHEMBL428,TROVAFLOXACIN,CHEMBL428,,0,http://www.openphacts.org/units/Nanomolar,3941244,>,1,1,>,,AC50,nM,,30000.0,CHEMBL203,Homo sapiens,Epidermal growth factor receptor erbB1,9606,,,AC50,uM,UO_0000065,,30.0
,"Summarised AC50 (mean value for measurements with a relation sign ""=""; largest value for measurements with relation sign "">"")",25168785,[],CHEMBL5291787,"Compound was evaluated for inhibition of human EGFR in an in vitro cell free assay measured by Caliper microfluidic capillary electrophoresis, time-resolved fluorescence resonance energy transfer method",F,,,BAO_0000186,BAO_0000019,assay format,S=P(N1CC1)(N1CC1)N1CC1,,,CHEMBL5291721,Nat Commun,2023,,CHEMBL671,THIOTEPA,CHEMBL671,,0,http://www.openphacts.org/units/Nanomolar,3941167,>,1,1,>,,AC50,nM,,30000.0,CHEMBL203,Homo sapiens,Epidermal growth factor receptor erbB1,9606,,,AC50,uM,UO_0000065,,30.0
,"Summarised AC50 (mean value for measurements with a relation sign ""=""; largest value for measurements with relation sign "">"")",25168786,[],CHEMBL5291787,"Compound was evaluated for inhibition of human EGFR in an in vitro cell free assay measured by Caliper microfluidic capillary electrophoresis, time-resolved fluorescence resonance energy transfer method",F,,,BAO_0000186,BAO_0000019,assay format,CC(C)c1cccc(C(C)C)c1O,,,CHEMBL5291721,Nat Commun,2023,,CHEMBL526,PROPOFOL,CHEMBL526,,0,http://www.openphacts.org/units/Nanomolar,3940979,>,1,1,>,,AC50,nM,,30000.0,CHEMBL203,Homo sapiens,Epidermal growth factor receptor erbB1,9606,,,AC50,uM,UO_0000065,,30.0
,"Summarised AC50 (mean value for measurements with a relation sign ""=""; largest value for measurements with relation sign "">"")",25168787,[],CHEMBL5291787,"Compound was evaluated for inhibition of human EGFR in an in vitro cell free assay measured by Caliper microfluidic capillary electrophoresis, time-resolved fluorescence resonance energy transfer method",F,,,BAO_0000186,BAO_0000019,assay format,C=CC(=O)Nc1cc(Nc2nccc(-c3cn(C)c4ccccc34)n2)c(OC)cc1N(C)CCN(C)C,,,CHEMBL5291721,Nat Commun,2023,,CHEMBL3353410,OSIMERTINIB,CHEMBL3353410,9.00,0,http://www.openphacts.org/units/Nanomolar,3941634,=,1,1,=,,AC50,nM,,1.0,CHEMBL203,Homo sapiens,Epidermal growth factor receptor erbB1,9606,,,AC50,uM,UO_0000065,,0.001
,"Summarised AC50 (mean value for measurements with a relation sign ""=""; largest value for measurements with relation sign "">"")",25168788,[],CHEMBL5291787,"Compound was evaluated for inhibition of human EGFR in an in vitro cell free assay measured by Caliper microfluidic capillary electrophoresis, time-resolved fluorescence resonance energy transfer method",F,,,BAO_0000186,BAO_0000019,assay format,CC(C)(O/N=C(\C(=O)N[C@@H]1C(=O)N2C(C(=O)[O-])=C(C[n+]3ccccc3)CS[C@H]12)c1csc(N)n1)C(=O)O,,,CHEMBL5291721,Nat Commun,2023,,CHEMBL44354,CEFTAZIDIME,CHEMBL44354,,0,http://www.openphacts.org/units/Nanomolar,3940039,>,1,1,>,,AC50,nM,,3000.0,CHEMBL203,Homo sapiens,Epidermal growth factor receptor erbB1,9606,,,AC50,uM,UO_0000065,,3.0
,"Summarised AC50 (mean value for measurements with a relation sign ""=""; largest value for measurements with relation sign "">"")",25168789,[],CHEMBL5291787,"Compound was evaluated for inhibition of human EGFR in an in vitro cell free assay measured by Caliper microfluidic capillary electrophoresis, time-resolved fluorescence resonance energy transfer method",F,,,BAO_0000186,BAO_0000019,assay format,CC(CC1c2ccccc2CCc2ccccc21)CN(C)C,,,CHEMBL5291721,Nat Commun,2023,,CHEMBL2110816,BUTRIPTYLINE,CHEMBL2110816,,0,http://www.openphacts.org/units/Nanomolar,3939983,>,1,1,>,,AC50,nM,,30000.0,CHEMBL203,Homo sapiens,Epidermal growth factor receptor erbB1,9606,,,AC50,uM,UO_0000065,,30.0
,"Summarised AC50 (mean value for measurements with a relation sign ""=""; largest value for measurements with relation sign "">"")",25168790,[],CHEMBL5291787,"Compound was evaluated for inhibition of human EGFR in an in vitro cell free assay measured by Caliper microfluidic capillary electrophoresis, time-resolved fluorescence resonance energy transfer method",F,,,BAO_0000186,BAO_0000019,assay format,O=C(OCC(O)CO)c1ccccc1Nc1ccnc2cc(Cl)ccc12,,,CHEMBL5291721,Nat Commun,2023,,CHEMBL146095,GLAFENINE,CHEMBL146095,,0,http://www.openphacts.org/units/Nanomolar,3940433,>,1,1,>,,AC50,nM,,30000.0,CHEMBL203,Homo sapiens,Epidermal growth factor receptor erbB1,9606,,,AC50,uM,UO_0000065,,30.0
,"Summarised AC50 (mean value for measurements with a relation sign ""=""; largest value for measurements with relation sign "">"")",25168791,[],CHEMBL5291787,"Compound was evaluated for inhibition of human EGFR in an in vitro cell free assay measured by Caliper microfluidic capillary electrophoresis, time-resolved fluorescence resonance energy transfer method",F,,,BAO_0000186,BAO_0000019,assay format,CCCN(CCc1cccs1)[C@H]1CCc2c(O)cccc2C1,,,CHEMBL5291721,Nat Commun,2023,,CHEMBL1303,ROTIGOTINE,CHEMBL1303,,0,http://www.openphacts.org/units/Nanomolar,3941047,>,1,1,>,,AC50,nM,,30000.0,CHEMBL203,Homo sapiens,Epidermal growth factor receptor erbB1,9606,,,AC50,uM,UO_0000065,,30.0
,"Summarised AC50 (mean value for measurements with a relation sign ""=""; largest value for measurements with relation sign "">"")",25168792,[],CHEMBL5291787,"Compound was evaluated for inhibition of human EGFR in an in vitro cell free assay measured by Caliper microfluidic capillary electrophoresis, time-resolved fluorescence resonance energy transfer method",F,,,BAO_0000186,BAO_0000019,assay format,CO[C@@]1(NC(=O)C2SC(=C(C(N)=O)C(=O)O)S2)C(=O)N2C(C(=O)O)=C(CSc3nnnn3C)CS[C@@H]21,,,CHEMBL5291721,Nat Commun,2023,,CHEMBL474579,CEFOTETAN,CHEMBL474579,,0,http://www.openphacts.org/units/Nanomolar,3940030,>,1,1,>,,AC50,nM,,10000.0,CHEMBL203,Homo sapiens,Epidermal growth factor receptor erbB1,9606,,,AC50,uM,UO_0000065,,10.0
,"Summarised AC50 (mean value for measurements with a relation sign ""=""; largest value for measurements with relation sign "">"")",25168793,[],CHEMBL5291787,"Compound was evaluated for inhibition of human EGFR in an in vitro cell free assay measured by Caliper microfluidic capillary electrophoresis, time-resolved fluorescence resonance energy transfer method",F,,,BAO_0000186,BAO_0000019,assay format,COc1cc2nccc(Oc3ccc(NC(=O)C4(C(=O)Nc5ccc(F)cc5)CC4)cc3)c2cc1OC,,,CHEMBL5291721,Nat Commun,2023,,CHEMBL2105717,CABOZANTINIB,CHEMBL2105717,5.66,0,http://www.openphacts.org/units/Nanomolar,3941571,=,1,1,=,,AC50,nM,,2200.0,CHEMBL203,Homo sapiens,Epidermal growth factor receptor erbB1,9606,,,AC50,uM,UO_0000065,,2.2
,"Summarised AC50 (mean value for measurements with a relation sign ""=""; largest value for measurements with relation sign "">"")",25168794,[],CHEMBL5291787,"Compound was evaluated for inhibition of human EGFR in an in vitro cell free assay measured by Caliper microfluidic capillary electrophoresis, time-resolved fluorescence resonance energy transfer method",F,,,BAO_0000186,BAO_0000019,assay format,O=C1NC(=O)C(c2ccccc2)(c2ccccc2)N1,,,CHEMBL5291721,Nat Commun,2023,,CHEMBL16,PHENYTOIN,CHEMBL16,,0,http://www.openphacts.org/units/Nanomolar,3940904,>,1,1,>,,AC50,nM,,30000.0,CHEMBL203,Homo sapiens,Epidermal growth factor receptor erbB1,9606,,,AC50,uM,UO_0000065,,30.0
,"Summarised AC50 (mean value for measurements with a relation sign ""=""; largest value for measurements with relation sign "">"")",25168795,[],CHEMBL5291787,"Compound was evaluated for inhibition of human EGFR in an in vitro cell free assay measured by Caliper microfluidic capillary electrophoresis, time-resolved fluorescence resonance energy transfer method",F,,,BAO_0000186,BAO_0000019,assay format,c1ccc2c(c1)Sc1ccccc1N2CC1CN2CCC1CC2,,,CHEMBL5291721,Nat Commun,2023,,CHEMBL73451,MEQUITAZINE,CHEMBL73451,5.42,0,http://www.openphacts.org/units/Nanomolar,3940648,=,1,1,=,,AC50,nM,,3800.0,CHEMBL203,Homo sapiens,Epidermal growth factor receptor erbB1,9606,,,AC50,uM,UO_0000065,,3.8
,"Summarised AC50 (mean value for measurements with a relation sign ""=""; largest value for measurements with relation sign "">"")",25168796,[],CHEMBL5291787,"Compound was evaluated for inhibition of human EGFR in an in vitro cell free assay measured by Caliper microfluidic capillary electrophoresis, time-resolved fluorescence resonance energy transfer method",F,,,BAO_0000186,BAO_0000019,assay format,O=C1CCc2ccc(OCCCCN3CCN(c4cccc(Cl)c4Cl)CC3)cc2N1,,,CHEMBL5291721,Nat Commun,2023,,CHEMBL1112,ARIPIPRAZOLE,CHEMBL1112,,0,http://www.openphacts.org/units/Nanomolar,3939868,>,1,1,>,,AC50,nM,,30000.0,CHEMBL203,Homo sapiens,Epidermal growth factor receptor erbB1,9606,,,AC50,uM,UO_0000065,,30.0
,"Summarised AC50 (mean value for measurements with a relation sign ""=""; largest value for measurements with relation sign "">"")",25168797,[],CHEMBL5291787,"Compound was evaluated for inhibition of human EGFR in an in vitro cell free assay measured by Caliper microfluidic capillary electrophoresis, time-resolved fluorescence resonance energy transfer method",F,,,BAO_0000186,BAO_0000019,assay format,C[C@H](Nc1ncnc2nc[nH]c12)c1cc2cccc(Cl)c2c(=O)n1-c1ccccc1,,,CHEMBL5291721,Nat Commun,2023,,CHEMBL3039502,DUVELISIB,CHEMBL3039502,,0,http://www.openphacts.org/units/Nanomolar,3941668,>,1,1,>,,AC50,nM,,30000.0,CHEMBL203,Homo sapiens,Epidermal growth factor receptor erbB1,9606,,,AC50,uM,UO_0000065,,30.0
,"Summarised AC50 (mean value for measurements with a relation sign ""=""; largest value for measurements with relation sign "">"")",25168798,[],CHEMBL5291787,"Compound was evaluated for inhibition of human EGFR in an in vitro cell free assay measured by Caliper microfluidic capillary electrophoresis, time-resolved fluorescence resonance energy transfer method",F,,,BAO_0000186,BAO_0000019,assay format,CC(C)NNC(=O)c1ccncc1,,,CHEMBL5291721,Nat Commun,2023,,CHEMBL92401,IPRONIAZID,CHEMBL92401,,0,http://www.openphacts.org/units/Nanomolar,3940520,>,1,1,>,,AC50,nM,,30000.0,CHEMBL203,Homo sapiens,Epidermal growth factor receptor erbB1,9606,,,AC50,uM,UO_0000065,,30.0
,"Summarised AC50 (mean value for measurements with a relation sign ""=""; largest value for measurements with relation sign "">"")",25168799,[],CHEMBL5291787,"Compound was evaluated for inhibition of human EGFR in an in vitro cell free assay measured by Caliper microfluidic capillary electrophoresis, time-resolved fluorescence resonance energy transfer method",F,,,BAO_0000186,BAO_0000019,assay format,Cc1nc2n(c(=O)c1CCN1CCC(c3noc4cc(F)ccc34)CC1)CCCC2,,,CHEMBL5291721,Nat Commun,2023,,CHEMBL85,RISPERIDONE,CHEMBL85,,0,http://www.openphacts.org/units/Nanomolar,3941034,>,1,1,>,,AC50,nM,,30000.0,CHEMBL203,Homo sapiens,Epidermal growth factor receptor erbB1,9606,,,AC50,uM,UO_0000065,,30.0
,"Summarised AC50 (mean value for measurements with a relation sign ""=""; largest value for measurements with relation sign "">"")",25168800,[],CHEMBL5291787,"Compound was evaluated for inhibition of human EGFR in an in vitro cell free assay measured by Caliper microfluidic capillary electrophoresis, time-resolved fluorescence resonance energy transfer method",F,,,BAO_0000186,BAO_0000019,assay format,O=C(O)Cc1cc(I)c(Oc2ccc(O)c(I)c2)c(I)c1,,,CHEMBL5291721,Nat Commun,2023,,CHEMBL41632,TIRATRICOL,CHEMBL41632,,0,http://www.openphacts.org/units/Nanomolar,3941403,>,1,1,>,,AC50,nM,,30000.0,CHEMBL203,Homo sapiens,Epidermal growth factor receptor erbB1,9606,,,AC50,uM,UO_0000065,,30.0
,"Summarised AC50 (mean value for measurements with a relation sign ""=""; largest value for measurements with relation sign "">"")",25168801,[],CHEMBL5291787,"Compound was evaluated for inhibition of human EGFR in an in vitro cell free assay measured by Caliper microfluidic capillary electrophoresis, time-resolved fluorescence resonance energy transfer method",F,,,BAO_0000186,BAO_0000019,assay format,OC(CCN1CCCCC1)(c1ccccc1)C1CC2C=CC1C2,,,CHEMBL5291721,Nat Commun,2023,,CHEMBL1101,BIPERIDEN,CHEMBL1101,,0,http://www.openphacts.org/units/Nanomolar,3939941,>,1,1,>,,AC50,nM,,30000.0,CHEMBL203,Homo sapiens,Epidermal growth factor receptor erbB1,9606,,,AC50,uM,UO_0000065,,30.0
,"Summarised AC50 (mean value for measurements with a relation sign ""=""; largest value for measurements with relation sign "">"")",25168802,[],CHEMBL5291787,"Compound was evaluated for inhibition of human EGFR in an in vitro cell free assay measured by Caliper microfluidic capillary electrophoresis, time-resolved fluorescence resonance energy transfer method",F,,,BAO_0000186,BAO_0000019,assay format,O=C(/C=C\n1cnc(-c2cc(C(F)(F)F)cc(C(F)(F)F)c2)n1)NNc1cnccn1,,,CHEMBL5291721,Nat Commun,2023,,CHEMBL3545185,SELINEXOR,CHEMBL3545185,,0,http://www.openphacts.org/units/Nanomolar,3941674,>,1,1,>,,AC50,nM,,30000.0,CHEMBL203,Homo sapiens,Epidermal growth factor receptor erbB1,9606,,,AC50,uM,UO_0000065,,30.0
,"Summarised AC50 (mean value for measurements with a relation sign ""=""; largest value for measurements with relation sign "">"")",25168803,[],CHEMBL5291787,"Compound was evaluated for inhibition of human EGFR in an in vitro cell free assay measured by Caliper microfluidic capillary electrophoresis, time-resolved fluorescence resonance energy transfer method",F,,,BAO_0000186,BAO_0000019,assay format,Cc1cc(N2CCN([C@@H]3CN[C@H](C(=O)N4CCSC4)C3)CC2)n(-c2ccccc2)n1,,,CHEMBL5291721,Nat Commun,2023,,CHEMBL2147777,TENELIGLIPTIN,CHEMBL2147777,,0,http://www.openphacts.org/units/Nanomolar,3941611,>,1,1,>,,AC50,nM,,30000.0,CHEMBL203,Homo sapiens,Epidermal growth factor receptor erbB1,9606,,,AC50,uM,UO_0000065,,30.0
,"Summarised AC50 (mean value for measurements with a relation sign ""=""; largest value for measurements with relation sign "">"")",25168804,[],CHEMBL5291787,"Compound was evaluated for inhibition of human EGFR in an in vitro cell free assay measured by Caliper microfluidic capillary electrophoresis, time-resolved fluorescence resonance energy transfer method",F,,,BAO_0000186,BAO_0000019,assay format,COC(=O)/C=C/C(=O)OC,,,CHEMBL5291721,Nat Commun,2023,,CHEMBL2107333,DIMETHYL FUMARATE,CHEMBL2107333,,0,http://www.openphacts.org/units/Nanomolar,3941581,>,1,1,>,,AC50,nM,,30000.0,CHEMBL203,Homo sapiens,Epidermal growth factor receptor erbB1,9606,,,AC50,uM,UO_0000065,,30.0
,"Summarised AC50 (mean value for measurements with a relation sign ""=""; largest value for measurements with relation sign "">"")",25168805,[],CHEMBL5291787,"Compound was evaluated for inhibition of human EGFR in an in vitro cell free assay measured by Caliper microfluidic capillary electrophoresis, time-resolved fluorescence resonance energy transfer method",F,,,BAO_0000186,BAO_0000019,assay format,Cc1ccc(C(=O)Nc2ccc(CN3CCN(C)CC3)c(C(F)(F)F)c2)cc1C#Cc1cnc2cccnn12,,,CHEMBL5291721,Nat Commun,2023,,CHEMBL1171837,PONATINIB,CHEMBL1171837,7.66,0,http://www.openphacts.org/units/Nanomolar,3941572,=,1,1,=,,AC50,nM,,22.0,CHEMBL203,Homo sapiens,Epidermal growth factor receptor erbB1,9606,,,AC50,uM,UO_0000065,,0.022
,"Summarised AC50 (mean value for measurements with a relation sign ""=""; largest value for measurements with relation sign "">"")",25168806,[],CHEMBL5291787,"Compound was evaluated for inhibition of human EGFR in an in vitro cell free assay measured by Caliper microfluidic capillary electrophoresis, time-resolved fluorescence resonance energy transfer method",F,,,BAO_0000186,BAO_0000019,assay format,Nc1c2c(nc3ccccc13)CCCC2O,,,CHEMBL5291721,Nat Commun,2023,,CHEMBL51934,VELNACRINE,CHEMBL51934,,0,http://www.openphacts.org/units/Nanomolar,3941419,>,1,1,>,,AC50,nM,,30000.0,CHEMBL203,Homo sapiens,Epidermal growth factor receptor erbB1,9606,,,AC50,uM,UO_0000065,,30.0
,"Summarised AC50 (mean value for measurements with a relation sign ""=""; largest value for measurements with relation sign "">"")",25168807,[],CHEMBL5291787,"Compound was evaluated for inhibition of human EGFR in an in vitro cell free assay measured by Caliper microfluidic capillary electrophoresis, time-resolved fluorescence resonance energy transfer method",F,,,BAO_0000186,BAO_0000019,assay format,C[C@H]1CNCCc2ccc(Cl)cc21,,,CHEMBL5291721,Nat Commun,2023,,CHEMBL360328,LORCASERIN,CHEMBL360328,,0,http://www.openphacts.org/units/Nanomolar,3941523,>,1,1,>,,AC50,nM,,30000.0,CHEMBL203,Homo sapiens,Epidermal growth factor receptor erbB1,9606,,,AC50,uM,UO_0000065,,30.0
,"Summarised AC50 (mean value for measurements with a relation sign ""=""; largest value for measurements with relation sign "">"")",25168808,[],CHEMBL5291787,"Compound was evaluated for inhibition of human EGFR in an in vitro cell free assay measured by Caliper microfluidic capillary electrophoresis, time-resolved fluorescence resonance energy transfer method",F,,,BAO_0000186,BAO_0000019,assay format,C[C@H]1[C@H](NC(=O)/C(=N\OC(C)(C)C(=O)O)c2csc(N)n2)C(=O)N1S(=O)(=O)O,Outside typical range,"Values for this activity type are unusually large/small, so may not be accurate",CHEMBL5291721,Nat Commun,2023,,CHEMBL158,AZTREONAM,CHEMBL158,,0,http://www.openphacts.org/units/Nanomolar,3939889,>,1,1,>,,AC50,nM,,400000.0,CHEMBL203,Homo sapiens,Epidermal growth factor receptor erbB1,9606,,,AC50,uM,UO_0000065,,400.0
,"Summarised AC50 (mean value for measurements with a relation sign ""=""; largest value for measurements with relation sign "">"")",25168809,[],CHEMBL5291787,"Compound was evaluated for inhibition of human EGFR in an in vitro cell free assay measured by Caliper microfluidic capillary electrophoresis, time-resolved fluorescence resonance energy transfer method",F,,,BAO_0000186,BAO_0000019,assay format,CC[C@H]1OC(=O)[C@H](C)[C@@H](O[C@H]2C[C@@](C)(OC)[C@@H](O)[C@H](C)O2)[C@H](C)[C@@H](O[C@@H]2O[C@H](C)C[C@H](N(C)C)[C@H]2O)[C@](C)(O)C[C@@H](C)/C(=N\OCOCCOC)[C@H](C)[C@@H](O)[C@]1(C)O,,,CHEMBL5291721,Nat Commun,2023,,CHEMBL1214185,ROXITHROMYCIN,CHEMBL1214185,,0,http://www.openphacts.org/units/Nanomolar,3941049,>,1,1,>,,AC50,nM,,30000.0,CHEMBL203,Homo sapiens,Epidermal growth factor receptor erbB1,9606,,,AC50,uM,UO_0000065,,30.0
,"Summarised AC50 (mean value for measurements with a relation sign ""=""; largest value for measurements with relation sign "">"")",25168810,[],CHEMBL5291787,"Compound was evaluated for inhibition of human EGFR in an in vitro cell free assay measured by Caliper microfluidic capillary electrophoresis, time-resolved fluorescence resonance energy transfer method",F,,,BAO_0000186,BAO_0000019,assay format,CC[C@H]1OC(=O)[C@H](C)[C@@H](O[C@H]2C[C@@](C)(OC)[C@@H](O)[C@H](C)O2)[C@H](C)[C@@H](O[C@@H]2O[C@H](C)C[C@H](N(C)C)[C@H]2O)[C@](C)(O)C[C@@H](C)C(=O)[C@H](C)[C@@H](O)[C@]1(C)O,,,CHEMBL5291721,Nat Commun,2023,,CHEMBL532,ERYTHROMYCIN,CHEMBL532,,0,http://www.openphacts.org/units/Nanomolar,3940305,>,1,1,>,,AC50,nM,,30000.0,CHEMBL203,Homo sapiens,Epidermal growth factor receptor erbB1,9606,,,AC50,uM,UO_0000065,,30.0
,"Summarised AC50 (mean value for measurements with a relation sign ""=""; largest value for measurements with relation sign "">"")",25168811,[],CHEMBL5291787,"Compound was evaluated for inhibition of human EGFR in an in vitro cell free assay measured by Caliper microfluidic capillary electrophoresis, time-resolved fluorescence resonance energy transfer method",F,,,BAO_0000186,BAO_0000019,assay format,C=C(C)[C@@H]1CCC(C)=C[C@H]1c1c(O)cc(CCCCC)cc1O,,,CHEMBL5291721,Nat Commun,2023,,CHEMBL190461,CANNABIDIOL,CHEMBL190461,,0,http://www.openphacts.org/units/Nanomolar,3941664,>,1,1,>,,AC50,nM,,30000.0,CHEMBL203,Homo sapiens,Epidermal growth factor receptor erbB1,9606,,,AC50,uM,UO_0000065,,30.0
,"Summarised AC50 (mean value for measurements with a relation sign ""=""; largest value for measurements with relation sign "">"")",25168812,[],CHEMBL5291787,"Compound was evaluated for inhibition of human EGFR in an in vitro cell free assay measured by Caliper microfluidic capillary electrophoresis, time-resolved fluorescence resonance energy transfer method",F,,,BAO_0000186,BAO_0000019,assay format,CC(C)Cc1ccc(CC(=O)O)cc1,,,CHEMBL5291721,Nat Commun,2023,,CHEMBL341812,IBUFENAC,CHEMBL341812,,0,http://www.openphacts.org/units/Nanomolar,3941355,>,1,1,>,,AC50,nM,,30000.0,CHEMBL203,Homo sapiens,Epidermal growth factor receptor erbB1,9606,,,AC50,uM,UO_0000065,,30.0
,"Summarised AC50 (mean value for measurements with a relation sign ""=""; largest value for measurements with relation sign "">"")",25168813,[],CHEMBL5291787,"Compound was evaluated for inhibition of human EGFR in an in vitro cell free assay measured by Caliper microfluidic capillary electrophoresis, time-resolved fluorescence resonance energy transfer method",F,,,BAO_0000186,BAO_0000019,assay format,CCC[C@@]1(CCc2ccccc2)CC(O)=C([C@H](CC)c2cccc(NS(=O)(=O)c3ccc(C(F)(F)F)cn3)c2)C(=O)O1,,,CHEMBL5291721,Nat Commun,2023,,CHEMBL222559,TIPRANAVIR,CHEMBL222559,,0,http://www.openphacts.org/units/Nanomolar,3941402,>,1,1,>,,AC50,nM,,30000.0,CHEMBL203,Homo sapiens,Epidermal growth factor receptor erbB1,9606,,,AC50,uM,UO_0000065,,30.0
,"Summarised AC50 (mean value for measurements with a relation sign ""=""; largest value for measurements with relation sign "">"")",25168814,[],CHEMBL5291787,"Compound was evaluated for inhibition of human EGFR in an in vitro cell free assay measured by Caliper microfluidic capillary electrophoresis, time-resolved fluorescence resonance energy transfer method",F,,,BAO_0000186,BAO_0000019,assay format,CNC1Cc2ccccc2N(C)c2ccccc21,,,CHEMBL5291721,Nat Commun,2023,,CHEMBL2106919,METAPRAMINE,CHEMBL2106919,,0,http://www.openphacts.org/units/Nanomolar,3940656,>,1,1,>,,AC50,nM,,30000.0,CHEMBL203,Homo sapiens,Epidermal growth factor receptor erbB1,9606,,,AC50,uM,UO_0000065,,30.0
,"Summarised AC50 (mean value for measurements with a relation sign ""=""; largest value for measurements with relation sign "">"")",25168815,[],CHEMBL5291787,"Compound was evaluated for inhibition of human EGFR in an in vitro cell free assay measured by Caliper microfluidic capillary electrophoresis, time-resolved fluorescence resonance energy transfer method",F,,,BAO_0000186,BAO_0000019,assay format,CO[C@@H]1[C@@H](OC(N)=O)[C@@H](O)[C@H](Oc2ccc3c(O)c(NC(=O)c4ccc(O)c(CC=C(C)C)c4)c(=O)oc3c2C)OC1(C)C,,,CHEMBL5291721,Nat Commun,2023,,CHEMBL36506,NOVOBIOCIN,CHEMBL36506,,0,http://www.openphacts.org/units/Nanomolar,3940809,>,1,1,>,,AC50,nM,,30000.0,CHEMBL203,Homo sapiens,Epidermal growth factor receptor erbB1,9606,,,AC50,uM,UO_0000065,,30.0
,"Summarised AC50 (mean value for measurements with a relation sign ""=""; largest value for measurements with relation sign "">"")",25168816,[],CHEMBL5291787,"Compound was evaluated for inhibition of human EGFR in an in vitro cell free assay measured by Caliper microfluidic capillary electrophoresis, time-resolved fluorescence resonance energy transfer method",F,,,BAO_0000186,BAO_0000019,assay format,C[C@@H](Oc1cc(-c2cnn(C3CCNCC3)c2)cnc1N)c1c(Cl)ccc(F)c1Cl,,,CHEMBL5291721,Nat Commun,2023,,CHEMBL601719,CRIZOTINIB,CHEMBL601719,,0,http://www.openphacts.org/units/Nanomolar,3941480,>,1,1,>,,AC50,nM,,30000.0,CHEMBL203,Homo sapiens,Epidermal growth factor receptor erbB1,9606,,,AC50,uM,UO_0000065,,30.0
,"Summarised AC50 (mean value for measurements with a relation sign ""=""; largest value for measurements with relation sign "">"")",25168817,[],CHEMBL5291787,"Compound was evaluated for inhibition of human EGFR in an in vitro cell free assay measured by Caliper microfluidic capillary electrophoresis, time-resolved fluorescence resonance energy transfer method",F,,,BAO_0000186,BAO_0000019,assay format,C[C@@H](O)[C@H]1C(=O)N2C(C(=O)O)=C(SCCNC=N)C[C@H]12,Outside typical range,"Values for this activity type are unusually large/small, so may not be accurate",CHEMBL5291721,Nat Commun,2023,,CHEMBL148,IMIPENEM,CHEMBL148,,0,http://www.openphacts.org/units/Nanomolar,3940501,>,1,1,>,,AC50,nM,,300000.0,CHEMBL203,Homo sapiens,Epidermal growth factor receptor erbB1,9606,,,AC50,uM,UO_0000065,,300.0
,"Summarised AC50 (mean value for measurements with a relation sign ""=""; largest value for measurements with relation sign "">"")",25168818,[],CHEMBL5291787,"Compound was evaluated for inhibition of human EGFR in an in vitro cell free assay measured by Caliper microfluidic capillary electrophoresis, time-resolved fluorescence resonance energy transfer method",F,,,BAO_0000186,BAO_0000019,assay format,CC(=N)N1CC[C@H](SC2=C(C(=O)O)N3C(=O)[C@H]([C@@H](C)O)[C@H]3C2)C1,Outside typical range,"Values for this activity type are unusually large/small, so may not be accurate",CHEMBL5291721,Nat Commun,2023,,CHEMBL339323,PANIPENEM,CHEMBL339323,,0,http://www.openphacts.org/units/Nanomolar,3940855,>,1,1,>,,AC50,nM,,300000.0,CHEMBL203,Homo sapiens,Epidermal growth factor receptor erbB1,9606,,,AC50,uM,UO_0000065,,300.0
,"Summarised AC50 (mean value for measurements with a relation sign ""=""; largest value for measurements with relation sign "">"")",25168819,[],CHEMBL5291787,"Compound was evaluated for inhibition of human EGFR in an in vitro cell free assay measured by Caliper microfluidic capillary electrophoresis, time-resolved fluorescence resonance energy transfer method",F,,,BAO_0000186,BAO_0000019,assay format,C[C@@H](O)[C@H]1C(=O)N2C(C(=O)O)=C(S[C@@H]3CN[C@H](C(=O)N(C)C)C3)[C@H](C)[C@H]12,Outside typical range,"Values for this activity type are unusually large/small, so may not be accurate",CHEMBL5291721,Nat Commun,2023,,CHEMBL127,MEROPENEM,CHEMBL127,,0,http://www.openphacts.org/units/Nanomolar,3940650,>,1,1,>,,AC50,nM,,300000.0,CHEMBL203,Homo sapiens,Epidermal growth factor receptor erbB1,9606,,,AC50,uM,UO_0000065,,300.0
,"Summarised AC50 (mean value for measurements with a relation sign ""=""; largest value for measurements with relation sign "">"")",25168820,[],CHEMBL5291787,"Compound was evaluated for inhibition of human EGFR in an in vitro cell free assay measured by Caliper microfluidic capillary electrophoresis, time-resolved fluorescence resonance energy transfer method",F,,,BAO_0000186,BAO_0000019,assay format,C[C@@H](O)[C@H]1C(=O)N2C(C(=O)O)=C(S[C@@H]3CN[C@H](CNS(N)(=O)=O)C3)[C@H](C)[C@H]12,Outside typical range,"Values for this activity type are unusually large/small, so may not be accurate",CHEMBL5291721,Nat Commun,2023,,CHEMBL491571,DORIPENEM,CHEMBL491571,,0,http://www.openphacts.org/units/Nanomolar,3941460,>,1,1,>,,AC50,nM,,300000.0,CHEMBL203,Homo sapiens,Epidermal growth factor receptor erbB1,9606,,,AC50,uM,UO_0000065,,300.0
,"Summarised AC50 (mean value for measurements with a relation sign ""=""; largest value for measurements with relation sign "">"")",25168821,[],CHEMBL5291787,"Compound was evaluated for inhibition of human EGFR in an in vitro cell free assay measured by Caliper microfluidic capillary electrophoresis, time-resolved fluorescence resonance energy transfer method",F,,,BAO_0000186,BAO_0000019,assay format,NCC1(CC(=O)O)CCCCC1,,,CHEMBL5291721,Nat Commun,2023,,CHEMBL940,GABAPENTIN,CHEMBL940,,0,http://www.openphacts.org/units/Nanomolar,3940419,>,1,1,>,,AC50,nM,,30000.0,CHEMBL203,Homo sapiens,Epidermal growth factor receptor erbB1,9606,,,AC50,uM,UO_0000065,,30.0
,"Summarised AC50 (mean value for measurements with a relation sign ""=""; largest value for measurements with relation sign "">"")",25168822,[],CHEMBL5291787,"Compound was evaluated for inhibition of human EGFR in an in vitro cell free assay measured by Caliper microfluidic capillary electrophoresis, time-resolved fluorescence resonance energy transfer method",F,,,BAO_0000186,BAO_0000019,assay format,COc1ccc(CC(C)(C)NC[C@H](O)c2cc(O)cc3c2OCC(=O)N3)cc1,,,CHEMBL5291721,Nat Commun,2023,,CHEMBL605846,OLODATEROL,CHEMBL605846,,0,http://www.openphacts.org/units/Nanomolar,3941588,>,1,1,>,,AC50,nM,,30000.0,CHEMBL203,Homo sapiens,Epidermal growth factor receptor erbB1,9606,,,AC50,uM,UO_0000065,,30.0
,"Summarised AC50 (mean value for measurements with a relation sign ""=""; largest value for measurements with relation sign "">"")",25168823,[],CHEMBL5291787,"Compound was evaluated for inhibition of human EGFR in an in vitro cell free assay measured by Caliper microfluidic capillary electrophoresis, time-resolved fluorescence resonance energy transfer method",F,,,BAO_0000186,BAO_0000019,assay format,CC(=O)OCC1=C(C(=O)O)N2C(=O)[C@@H](NC(=O)CC#N)[C@H]2SC1,,,CHEMBL5291721,Nat Commun,2023,,CHEMBL2110602,CEPHACETRILE,CHEMBL2110602,,0,http://www.openphacts.org/units/Nanomolar,3940012,>,1,1,>,,AC50,nM,,30000.0,CHEMBL203,Homo sapiens,Epidermal growth factor receptor erbB1,9606,,,AC50,uM,UO_0000065,,30.0
,"Summarised AC50 (mean value for measurements with a relation sign ""=""; largest value for measurements with relation sign "">"")",25168824,[],CHEMBL5291787,"Compound was evaluated for inhibition of human EGFR in an in vitro cell free assay measured by Caliper microfluidic capillary electrophoresis, time-resolved fluorescence resonance energy transfer method",F,,,BAO_0000186,BAO_0000019,assay format,CN1[C@@H]2CC[C@H]1C[C@@H](OC(c1ccccc1)c1ccccc1)C2,,,CHEMBL5291721,Nat Commun,2023,,CHEMBL1201203,BENZTROPINE,CHEMBL1201203,,0,http://www.openphacts.org/units/Nanomolar,3939918,>,1,1,>,,AC50,nM,,30000.0,CHEMBL203,Homo sapiens,Epidermal growth factor receptor erbB1,9606,,,AC50,uM,UO_0000065,,30.0
,"Summarised AC50 (mean value for measurements with a relation sign ""=""; largest value for measurements with relation sign "">"")",25168825,[],CHEMBL5291787,"Compound was evaluated for inhibition of human EGFR in an in vitro cell free assay measured by Caliper microfluidic capillary electrophoresis, time-resolved fluorescence resonance energy transfer method",F,,,BAO_0000186,BAO_0000019,assay format,C=CC[C@@H]1/C=C(\C)C[C@H](C)C[C@H](OC)[C@H]2O[C@@](O)(C(=O)C(=O)N3CCCC[C@H]3C(=O)O[C@H](/C(C)=C/[C@@H]3CC[C@@H](O)[C@H](OC)C3)[C@H](C)[C@@H](O)CC1=O)[C@H](C)C[C@@H]2OC,,,CHEMBL5291721,Nat Commun,2023,,CHEMBL269732,TACROLIMUS ANHYDROUS,CHEMBL269732,,0,http://www.openphacts.org/units/Nanomolar,3941122,>,1,1,>,,AC50,nM,,30000.0,CHEMBL203,Homo sapiens,Epidermal growth factor receptor erbB1,9606,,,AC50,uM,UO_0000065,,30.0
,"Summarised AC50 (mean value for measurements with a relation sign ""=""; largest value for measurements with relation sign "">"")",25168826,[],CHEMBL5291787,"Compound was evaluated for inhibition of human EGFR in an in vitro cell free assay measured by Caliper microfluidic capillary electrophoresis, time-resolved fluorescence resonance energy transfer method",F,,,BAO_0000186,BAO_0000019,assay format,Cc1c(C(=O)NN2CCCCC2)nn(-c2ccc(Cl)cc2Cl)c1-c1ccc(Cl)cc1,,,CHEMBL5291721,Nat Commun,2023,,CHEMBL111,RIMONABANT,CHEMBL111,,0,http://www.openphacts.org/units/Nanomolar,3941461,>,1,1,>,,AC50,nM,,30000.0,CHEMBL203,Homo sapiens,Epidermal growth factor receptor erbB1,9606,,,AC50,uM,UO_0000065,,30.0
,"Summarised AC50 (mean value for measurements with a relation sign ""=""; largest value for measurements with relation sign "">"")",25168827,[],CHEMBL5291787,"Compound was evaluated for inhibition of human EGFR in an in vitro cell free assay measured by Caliper microfluidic capillary electrophoresis, time-resolved fluorescence resonance energy transfer method",F,,,BAO_0000186,BAO_0000019,assay format,O=C(O)/C=C/C(=O)O,,,CHEMBL5291721,Nat Commun,2023,,CHEMBL503160,FUMARIC ACID,CHEMBL503160,,0,http://www.openphacts.org/units/Nanomolar,3941348,>,1,1,>,,AC50,nM,,30000.0,CHEMBL203,Homo sapiens,Epidermal growth factor receptor erbB1,9606,,,AC50,uM,UO_0000065,,30.0
,"Summarised AC50 (mean value for measurements with a relation sign ""=""; largest value for measurements with relation sign "">"")",25168828,[],CHEMBL5291787,"Compound was evaluated for inhibition of human EGFR in an in vitro cell free assay measured by Caliper microfluidic capillary electrophoresis, time-resolved fluorescence resonance energy transfer method",F,,,BAO_0000186,BAO_0000019,assay format,O=C1[C@@H]2[C@H]3CC[C@H](C3)[C@@H]2C(=O)N1C[C@@H]1CCCC[C@H]1CN1CCN(c2nsc3ccccc23)CC1,,,CHEMBL5291721,Nat Commun,2023,,CHEMBL1237021,LURASIDONE,CHEMBL1237021,,0,http://www.openphacts.org/units/Nanomolar,3941470,>,1,1,>,,AC50,nM,,30000.0,CHEMBL203,Homo sapiens,Epidermal growth factor receptor erbB1,9606,,,AC50,uM,UO_0000065,,30.0
,"Summarised AC50 (mean value for measurements with a relation sign ""=""; largest value for measurements with relation sign "">"")",25168829,[],CHEMBL5291787,"Compound was evaluated for inhibition of human EGFR in an in vitro cell free assay measured by Caliper microfluidic capillary electrophoresis, time-resolved fluorescence resonance energy transfer method",F,,,BAO_0000186,BAO_0000019,assay format,CCCN(CCC)CCc1cccc2c1CC(=O)N2,,,CHEMBL5291721,Nat Commun,2023,,CHEMBL589,ROPINIROLE,CHEMBL589,,0,http://www.openphacts.org/units/Nanomolar,3941043,>,1,1,>,,AC50,nM,,30000.0,CHEMBL203,Homo sapiens,Epidermal growth factor receptor erbB1,9606,,,AC50,uM,UO_0000065,,30.0
,"Summarised AC50 (mean value for measurements with a relation sign ""=""; largest value for measurements with relation sign "">"")",25168830,[],CHEMBL5291787,"Compound was evaluated for inhibition of human EGFR in an in vitro cell free assay measured by Caliper microfluidic capillary electrophoresis, time-resolved fluorescence resonance energy transfer method",F,,,BAO_0000186,BAO_0000019,assay format,NCC(CC(=O)O)c1ccc(Cl)cc1,,,CHEMBL5291721,Nat Commun,2023,,CHEMBL701,BACLOFEN,CHEMBL701,,0,http://www.openphacts.org/units/Nanomolar,3939891,>,1,1,>,,AC50,nM,,30000.0,CHEMBL203,Homo sapiens,Epidermal growth factor receptor erbB1,9606,,,AC50,uM,UO_0000065,,30.0
,"Summarised AC50 (mean value for measurements with a relation sign ""=""; largest value for measurements with relation sign "">"")",25168831,[],CHEMBL5291787,"Compound was evaluated for inhibition of human EGFR in an in vitro cell free assay measured by Caliper microfluidic capillary electrophoresis, time-resolved fluorescence resonance energy transfer method",F,,,BAO_0000186,BAO_0000019,assay format,c1cnc2cc3c(cc2n1)C1CNCC3C1,,,CHEMBL5291721,Nat Commun,2023,,CHEMBL1396,VARENICLINE,CHEMBL1396,,0,http://www.openphacts.org/units/Nanomolar,3941262,>,1,1,>,,AC50,nM,,30000.0,CHEMBL203,Homo sapiens,Epidermal growth factor receptor erbB1,9606,,,AC50,uM,UO_0000065,,30.0
,"Summarised AC50 (mean value for measurements with a relation sign ""=""; largest value for measurements with relation sign "">"")",25168832,[],CHEMBL5291787,"Compound was evaluated for inhibition of human EGFR in an in vitro cell free assay measured by Caliper microfluidic capillary electrophoresis, time-resolved fluorescence resonance energy transfer method",F,,,BAO_0000186,BAO_0000019,assay format,CO/N=C(\C(=O)N[C@@H]1C(=O)N2C(C(=O)[O-])=C(C[N+]3(C)CCCC3)CS[C@H]12)c1csc(N)n1,Outside typical range,"Values for this activity type are unusually large/small, so may not be accurate",CHEMBL5291721,Nat Commun,2023,,CHEMBL186,CEFEPIME,CHEMBL186,,0,http://www.openphacts.org/units/Nanomolar,3940018,>,1,1,>,,AC50,nM,,300000.0,CHEMBL203,Homo sapiens,Epidermal growth factor receptor erbB1,9606,,,AC50,uM,UO_0000065,,300.0
,"Summarised AC50 (mean value for measurements with a relation sign ""=""; largest value for measurements with relation sign "">"")",25168833,[],CHEMBL5291787,"Compound was evaluated for inhibition of human EGFR in an in vitro cell free assay measured by Caliper microfluidic capillary electrophoresis, time-resolved fluorescence resonance energy transfer method",F,,,BAO_0000186,BAO_0000019,assay format,COC(=O)[C@@H]1CC2=CC(=O)CC[C@]2(C)[C@@]23O[C@@H]2C[C@@]2(C)[C@@H](CC[C@@]24CCC(=O)O4)[C@H]13,,,CHEMBL5291721,Nat Commun,2023,,CHEMBL1095097,EPLERENONE,CHEMBL1095097,,0,http://www.openphacts.org/units/Nanomolar,3940298,>,1,1,>,,AC50,nM,,30000.0,CHEMBL203,Homo sapiens,Epidermal growth factor receptor erbB1,9606,,,AC50,uM,UO_0000065,,30.0
,"Summarised AC50 (mean value for measurements with a relation sign ""=""; largest value for measurements with relation sign "">"")",25168834,[],CHEMBL5291787,"Compound was evaluated for inhibition of human EGFR in an in vitro cell free assay measured by Caliper microfluidic capillary electrophoresis, time-resolved fluorescence resonance energy transfer method",F,,,BAO_0000186,BAO_0000019,assay format,CCN(c1cc(-c2ccc(CN3CCOCC3)cc2)cc(C(=O)NCc2c(C)cc(C)[nH]c2=O)c1C)C1CCOCC1,,,CHEMBL5291721,Nat Commun,2023,,CHEMBL3414621,TAZEMETOSTAT,CHEMBL3414621,,0,http://www.openphacts.org/units/Nanomolar,3941679,>,1,1,>,,AC50,nM,,30000.0,CHEMBL203,Homo sapiens,Epidermal growth factor receptor erbB1,9606,,,AC50,uM,UO_0000065,,30.0
,"Summarised AC50 (mean value for measurements with a relation sign ""=""; largest value for measurements with relation sign "">"")",25168835,[],CHEMBL5291787,"Compound was evaluated for inhibition of human EGFR in an in vitro cell free assay measured by Caliper microfluidic capillary electrophoresis, time-resolved fluorescence resonance energy transfer method",F,,,BAO_0000186,BAO_0000019,assay format,CNC(=O)c1ccccc1Sc1ccc2c(/C=C/c3ccccn3)n[nH]c2c1,,,CHEMBL5291721,Nat Commun,2023,,CHEMBL1289926,AXITINIB,CHEMBL1289926,,0,http://www.openphacts.org/units/Nanomolar,3941491,>,1,1,>,,AC50,nM,,30000.0,CHEMBL203,Homo sapiens,Epidermal growth factor receptor erbB1,9606,,,AC50,uM,UO_0000065,,30.0
,"Summarised AC50 (mean value for measurements with a relation sign ""=""; largest value for measurements with relation sign "">"")",25168836,[],CHEMBL5291787,"Compound was evaluated for inhibition of human EGFR in an in vitro cell free assay measured by Caliper microfluidic capillary electrophoresis, time-resolved fluorescence resonance energy transfer method",F,,,BAO_0000186,BAO_0000019,assay format,CNC(=O)c1cc(Oc2ccc(NC(=O)Nc3ccc(Cl)c(C(F)(F)F)c3)cc2)ccn1,,,CHEMBL5291721,Nat Commun,2023,,CHEMBL1336,SORAFENIB,CHEMBL1336,,0,http://www.openphacts.org/units/Nanomolar,3941074,>,1,1,>,,AC50,nM,,30000.0,CHEMBL203,Homo sapiens,Epidermal growth factor receptor erbB1,9606,,,AC50,uM,UO_0000065,,30.0
,"Summarised AC50 (mean value for measurements with a relation sign ""=""; largest value for measurements with relation sign "">"")",25168837,[],CHEMBL5291787,"Compound was evaluated for inhibition of human EGFR in an in vitro cell free assay measured by Caliper microfluidic capillary electrophoresis, time-resolved fluorescence resonance energy transfer method",F,,,BAO_0000186,BAO_0000019,assay format,CN(C)CCOC1=Cc2ccccc2Sc2ccc(Cl)cc21,,,CHEMBL5291721,Nat Commun,2023,,CHEMBL285802,ZOTEPINE,CHEMBL285802,,0,http://www.openphacts.org/units/Nanomolar,3941306,>,1,1,>,,AC50,nM,,30000.0,CHEMBL203,Homo sapiens,Epidermal growth factor receptor erbB1,9606,,,AC50,uM,UO_0000065,,30.0
,"Summarised AC50 (mean value for measurements with a relation sign ""=""; largest value for measurements with relation sign "">"")",25168838,[],CHEMBL5291787,"Compound was evaluated for inhibition of human EGFR in an in vitro cell free assay measured by Caliper microfluidic capillary electrophoresis, time-resolved fluorescence resonance energy transfer method",F,,,BAO_0000186,BAO_0000019,assay format,OC(c1cc(C(F)(F)F)nc2c(C(F)(F)F)cccc12)C1CCCCN1,,,CHEMBL5291721,Nat Commun,2023,,CHEMBL416956,MEFLOQUINE,CHEMBL416956,,0,http://www.openphacts.org/units/Nanomolar,3940626,>,1,1,>,,AC50,nM,,30000.0,CHEMBL203,Homo sapiens,Epidermal growth factor receptor erbB1,9606,,,AC50,uM,UO_0000065,,30.0
,"Summarised AC50 (mean value for measurements with a relation sign ""=""; largest value for measurements with relation sign "">"")",25168839,[],CHEMBL5291787,"Compound was evaluated for inhibition of human EGFR in an in vitro cell free assay measured by Caliper microfluidic capillary electrophoresis, time-resolved fluorescence resonance energy transfer method",F,,,BAO_0000186,BAO_0000019,assay format,CN1CC2c3ccccc3Oc3ccc(Cl)cc3C2C1,,,CHEMBL5291721,Nat Commun,2023,,CHEMBL3187365,ASENAPINE,CHEMBL3187365,,0,http://www.openphacts.org/units/Nanomolar,3941449,>,1,1,>,,AC50,nM,,30000.0,CHEMBL203,Homo sapiens,Epidermal growth factor receptor erbB1,9606,,,AC50,uM,UO_0000065,,30.0
,"Summarised AC50 (mean value for measurements with a relation sign ""=""; largest value for measurements with relation sign "">"")",25168840,[],CHEMBL5291787,"Compound was evaluated for inhibition of human EGFR in an in vitro cell free assay measured by Caliper microfluidic capillary electrophoresis, time-resolved fluorescence resonance energy transfer method",F,,,BAO_0000186,BAO_0000019,assay format,CN1CCN2c3ncccc3Cc3ccccc3C2C1,,,CHEMBL5291721,Nat Commun,2023,,CHEMBL654,MIRTAZAPINE,CHEMBL654,,0,http://www.openphacts.org/units/Nanomolar,3940720,>,1,1,>,,AC50,nM,,30000.0,CHEMBL203,Homo sapiens,Epidermal growth factor receptor erbB1,9606,,,AC50,uM,UO_0000065,,30.0
,"Summarised AC50 (mean value for measurements with a relation sign ""=""; largest value for measurements with relation sign "">"")",25168841,[],CHEMBL5291787,"Compound was evaluated for inhibition of human EGFR in an in vitro cell free assay measured by Caliper microfluidic capillary electrophoresis, time-resolved fluorescence resonance energy transfer method",F,,,BAO_0000186,BAO_0000019,assay format,CCCN1C[C@H](CSC)C[C@@H]2c3cccc4[nH]cc(c34)C[C@H]21,,,CHEMBL5291721,Nat Commun,2023,,CHEMBL531,PERGOLIDE,CHEMBL531,,0,http://www.openphacts.org/units/Nanomolar,3940878,>,1,1,>,,AC50,nM,,30000.0,CHEMBL203,Homo sapiens,Epidermal growth factor receptor erbB1,9606,,,AC50,uM,UO_0000065,,30.0
,"Summarised AC50 (mean value for measurements with a relation sign ""=""; largest value for measurements with relation sign "">"")",25168842,[],CHEMBL5291787,"Compound was evaluated for inhibition of human EGFR in an in vitro cell free assay measured by Caliper microfluidic capillary electrophoresis, time-resolved fluorescence resonance energy transfer method",F,,,BAO_0000186,BAO_0000019,assay format,COc1cc2c(c(OC)c1OC)-c1ccc(OC)c(=O)cc1[C@@H](NC(C)=O)CC2,,,CHEMBL5291721,Nat Commun,2023,,CHEMBL107,COLCHICINE,CHEMBL107,,0,http://www.openphacts.org/units/Nanomolar,3940145,>,1,1,>,,AC50,nM,,30000.0,CHEMBL203,Homo sapiens,Epidermal growth factor receptor erbB1,9606,,,AC50,uM,UO_0000065,,30.0
,"Summarised AC50 (mean value for measurements with a relation sign ""=""; largest value for measurements with relation sign "">"")",25168843,[],CHEMBL5291787,"Compound was evaluated for inhibition of human EGFR in an in vitro cell free assay measured by Caliper microfluidic capillary electrophoresis, time-resolved fluorescence resonance energy transfer method",F,,,BAO_0000186,BAO_0000019,assay format,COc1cc2c(cc1OC)C1CC(=O)C(CC(C)C)CN1CC2,,,CHEMBL5291721,Nat Commun,2023,,CHEMBL117785,TETRABENAZINE,CHEMBL117785,,0,http://www.openphacts.org/units/Nanomolar,3941153,>,1,1,>,,AC50,nM,,30000.0,CHEMBL203,Homo sapiens,Epidermal growth factor receptor erbB1,9606,,,AC50,uM,UO_0000065,,30.0
,"Summarised AC50 (mean value for measurements with a relation sign ""=""; largest value for measurements with relation sign "">"")",25168844,[],CHEMBL5291787,"Compound was evaluated for inhibition of human EGFR in an in vitro cell free assay measured by Caliper microfluidic capillary electrophoresis, time-resolved fluorescence resonance energy transfer method",F,,,BAO_0000186,BAO_0000019,assay format,COc1cc2/c(=N/c3ccc(Br)cc3F)nc[nH]c2cc1OCC1CCN(C)CC1,,,CHEMBL5291721,Nat Commun,2023,,CHEMBL24828,VANDETANIB,CHEMBL24828,8.01,0,http://www.openphacts.org/units/Nanomolar,3941475,=,1,1,=,,AC50,nM,,9.8,CHEMBL203,Homo sapiens,Epidermal growth factor receptor erbB1,9606,,,AC50,uM,UO_0000065,,0.0098
,"Summarised AC50 (mean value for measurements with a relation sign ""=""; largest value for measurements with relation sign "">"")",25168845,[],CHEMBL5291787,"Compound was evaluated for inhibition of human EGFR in an in vitro cell free assay measured by Caliper microfluidic capillary electrophoresis, time-resolved fluorescence resonance energy transfer method",F,,,BAO_0000186,BAO_0000019,assay format,COc1cc2ncnc(Nc3ccc(F)c(Cl)c3)c2cc1OCCCN1CCOCC1,,,CHEMBL5291721,Nat Commun,2023,,CHEMBL939,GEFITINIB,CHEMBL939,8.42,0,http://www.openphacts.org/units/Nanomolar,3940426,=,1,1,=,,AC50,nM,,3.8,CHEMBL203,Homo sapiens,Epidermal growth factor receptor erbB1,9606,,,AC50,uM,UO_0000065,,0.0038
,"Summarised AC50 (mean value for measurements with a relation sign ""=""; largest value for measurements with relation sign "">"")",25168846,[],CHEMBL5291787,"Compound was evaluated for inhibition of human EGFR in an in vitro cell free assay measured by Caliper microfluidic capillary electrophoresis, time-resolved fluorescence resonance energy transfer method",F,,,BAO_0000186,BAO_0000019,assay format,Cn1cnc2c(F)c(Nc3ccc(Br)cc3F)c(C(=O)NOCCO)cc21,,,CHEMBL5291721,Nat Commun,2023,,CHEMBL3187723,BINIMETINIB,CHEMBL3187723,,0,http://www.openphacts.org/units/Nanomolar,3941666,>,1,1,>,,AC50,nM,,30000.0,CHEMBL203,Homo sapiens,Epidermal growth factor receptor erbB1,9606,,,AC50,uM,UO_0000065,,30.0
,"Summarised AC50 (mean value for measurements with a relation sign ""=""; largest value for measurements with relation sign "">"")",25168847,[],CHEMBL5291787,"Compound was evaluated for inhibition of human EGFR in an in vitro cell free assay measured by Caliper microfluidic capillary electrophoresis, time-resolved fluorescence resonance energy transfer method",F,,,BAO_0000186,BAO_0000019,assay format,CCN1CCN(Cc2ccc(Nc3ncc(F)c(-c4cc(F)c5nc(C)n(C(C)C)c5c4)n3)nc2)CC1,,,CHEMBL5291721,Nat Commun,2023,,CHEMBL3301610,ABEMACICLIB,CHEMBL3301610,5.02,0,http://www.openphacts.org/units/Nanomolar,3941657,=,1,1,=,,AC50,nM,,9499.9,CHEMBL203,Homo sapiens,Epidermal growth factor receptor erbB1,9606,,,AC50,uM,UO_0000065,,9.4999
,"Summarised AC50 (mean value for measurements with a relation sign ""=""; largest value for measurements with relation sign "">"")",25168848,[],CHEMBL5291787,"Compound was evaluated for inhibition of human EGFR in an in vitro cell free assay measured by Caliper microfluidic capillary electrophoresis, time-resolved fluorescence resonance energy transfer method",F,,,BAO_0000186,BAO_0000019,assay format,NC(=O)OC[C@@H]1[C@H](NC(=O)/C(=N\OCC(=O)O)c2csc(N)n2)C(=O)N1S(=O)(=O)O,Outside typical range,"Values for this activity type are unusually large/small, so may not be accurate",CHEMBL5291721,Nat Commun,2023,,CHEMBL1614658,CARUMONAM,CHEMBL1614658,,0,http://www.openphacts.org/units/Nanomolar,3940010,>,1,1,>,,AC50,nM,,500000.0,CHEMBL203,Homo sapiens,Epidermal growth factor receptor erbB1,9606,,,AC50,uM,UO_0000065,,500.0
,"Summarised AC50 (mean value for measurements with a relation sign ""=""; largest value for measurements with relation sign "">"")",25168849,[],CHEMBL5291787,"Compound was evaluated for inhibition of human EGFR in an in vitro cell free assay measured by Caliper microfluidic capillary electrophoresis, time-resolved fluorescence resonance energy transfer method",F,,,BAO_0000186,BAO_0000019,assay format,CCOc1cc([C@@H](CS(C)(=O)=O)N2C(=O)c3cccc(NC(C)=O)c3C2=O)ccc1OC,,,CHEMBL5291721,Nat Commun,2023,,CHEMBL514800,APREMILAST,CHEMBL514800,,0,http://www.openphacts.org/units/Nanomolar,3941593,>,1,1,>,,AC50,nM,,30000.0,CHEMBL203,Homo sapiens,Epidermal growth factor receptor erbB1,9606,,,AC50,uM,UO_0000065,,30.0
,"Summarised AC50 (mean value for measurements with a relation sign ""=""; largest value for measurements with relation sign "">"")",25168850,[],CHEMBL5291787,"Compound was evaluated for inhibition of human EGFR in an in vitro cell free assay measured by Caliper microfluidic capillary electrophoresis, time-resolved fluorescence resonance energy transfer method",F,,,BAO_0000186,BAO_0000019,assay format,Cc1ccc(Nc2c(F)cccc2Cl)c(CC(=O)O)c1,,,CHEMBL5291721,Nat Commun,2023,,CHEMBL404108,LUMIRACOXIB,CHEMBL404108,,0,http://www.openphacts.org/units/Nanomolar,3940603,>,1,1,>,,AC50,nM,,30000.0,CHEMBL203,Homo sapiens,Epidermal growth factor receptor erbB1,9606,,,AC50,uM,UO_0000065,,30.0
,"Summarised AC50 (mean value for measurements with a relation sign ""=""; largest value for measurements with relation sign "">"")",25168851,[],CHEMBL5291787,"Compound was evaluated for inhibition of human EGFR in an in vitro cell free assay measured by Caliper microfluidic capillary electrophoresis, time-resolved fluorescence resonance energy transfer method",F,,,BAO_0000186,BAO_0000019,assay format,COc1cccc(N2CCN(C3=Nc4c(F)cccc4[C@H](CC(=O)O)N3c3cc(C(F)(F)F)ccc3OC)CC2)c1,,,CHEMBL5291721,Nat Commun,2023,,CHEMBL1241951,LETERMOVIR,CHEMBL1241951,,0,http://www.openphacts.org/units/Nanomolar,3941660,>,1,1,>,,AC50,nM,,30000.0,CHEMBL203,Homo sapiens,Epidermal growth factor receptor erbB1,9606,,,AC50,uM,UO_0000065,,30.0
,"Summarised AC50 (mean value for measurements with a relation sign ""=""; largest value for measurements with relation sign "">"")",25168852,[],CHEMBL5291787,"Compound was evaluated for inhibition of human EGFR in an in vitro cell free assay measured by Caliper microfluidic capillary electrophoresis, time-resolved fluorescence resonance energy transfer method",F,,,BAO_0000186,BAO_0000019,assay format,C[C@H]1Oc2cc(cnc2N)-c2c(nn(C)c2C#N)CN(C)C(=O)c2ccc(F)cc21,,,CHEMBL5291721,Nat Commun,2023,,CHEMBL3286830,LORLATINIB,CHEMBL3286830,5.54,0,http://www.openphacts.org/units/Nanomolar,3941671,=,1,1,=,,AC50,nM,,2900.0,CHEMBL203,Homo sapiens,Epidermal growth factor receptor erbB1,9606,,,AC50,uM,UO_0000065,,2.9
,"Summarised AC50 (mean value for measurements with a relation sign ""=""; largest value for measurements with relation sign "">"")",25168853,[],CHEMBL5291787,"Compound was evaluated for inhibition of human EGFR in an in vitro cell free assay measured by Caliper microfluidic capillary electrophoresis, time-resolved fluorescence resonance energy transfer method",F,,,BAO_0000186,BAO_0000019,assay format,CC(C)C[C@H]1C(=O)N2CCC[C@H]2[C@]2(O)O[C@](NC(=O)[C@@H]3C=C4c5cccc6[nH]c(Br)c(c56)C[C@H]4N(C)C3)(C(C)C)C(=O)N12,,,CHEMBL5291721,Nat Commun,2023,,CHEMBL493,BROMOCRIPTINE,CHEMBL493,,0,http://www.openphacts.org/units/Nanomolar,3939955,>,1,1,>,,AC50,nM,,30000.0,CHEMBL203,Homo sapiens,Epidermal growth factor receptor erbB1,9606,,,AC50,uM,UO_0000065,,30.0
,"Summarised AC50 (mean value for measurements with a relation sign ""=""; largest value for measurements with relation sign "">"")",25168854,[],CHEMBL5291787,"Compound was evaluated for inhibition of human EGFR in an in vitro cell free assay measured by Caliper microfluidic capillary electrophoresis, time-resolved fluorescence resonance energy transfer method",F,,,BAO_0000186,BAO_0000019,assay format,CC(C)C[C@H](CN)CC(=O)O,,,CHEMBL5291721,Nat Commun,2023,,CHEMBL1059,PREGABALIN,CHEMBL1059,,0,http://www.openphacts.org/units/Nanomolar,3940949,>,1,1,>,,AC50,nM,,30000.0,CHEMBL203,Homo sapiens,Epidermal growth factor receptor erbB1,9606,,,AC50,uM,UO_0000065,,30.0
,"Summarised AC50 (mean value for measurements with a relation sign ""=""; largest value for measurements with relation sign "">"")",25168855,[],CHEMBL5291787,"Compound was evaluated for inhibition of human EGFR in an in vitro cell free assay measured by Caliper microfluidic capillary electrophoresis, time-resolved fluorescence resonance energy transfer method",F,,,BAO_0000186,BAO_0000019,assay format,Cc1onc(-c2c(F)cccc2Cl)c1C(=O)N[C@@H]1C(=O)N2[C@@H]1SC(C)(C)[C@@H]2C(=O)O,,,CHEMBL5291721,Nat Commun,2023,,CHEMBL222645,FLOXACILLIN,CHEMBL222645,,0,http://www.openphacts.org/units/Nanomolar,3940372,>,1,1,>,,AC50,nM,,30000.0,CHEMBL203,Homo sapiens,Epidermal growth factor receptor erbB1,9606,,,AC50,uM,UO_0000065,,30.0
,"Summarised AC50 (mean value for measurements with a relation sign ""=""; largest value for measurements with relation sign "">"")",25168856,[],CHEMBL5291787,"Compound was evaluated for inhibition of human EGFR in an in vitro cell free assay measured by Caliper microfluidic capillary electrophoresis, time-resolved fluorescence resonance energy transfer method",F,,,BAO_0000186,BAO_0000019,assay format,O=C(CCCN1CCC(O)(c2ccc(Cl)cc2)CC1)c1ccc(F)cc1,,,CHEMBL5291721,Nat Commun,2023,,CHEMBL54,HALOPERIDOL,CHEMBL54,,0,http://www.openphacts.org/units/Nanomolar,3940462,>,1,1,>,,AC50,nM,,30000.0,CHEMBL203,Homo sapiens,Epidermal growth factor receptor erbB1,9606,,,AC50,uM,UO_0000065,,30.0
,"Summarised AC50 (mean value for measurements with a relation sign ""=""; largest value for measurements with relation sign "">"")",25168857,[],CHEMBL5291787,"Compound was evaluated for inhibition of human EGFR in an in vitro cell free assay measured by Caliper microfluidic capillary electrophoresis, time-resolved fluorescence resonance energy transfer method",F,,,BAO_0000186,BAO_0000019,assay format,c1ccc([C@H]2CN3CCSC3=N2)cc1,,,CHEMBL5291721,Nat Commun,2023,,CHEMBL1454,LEVAMISOLE,CHEMBL1454,,0,http://www.openphacts.org/units/Nanomolar,3940564,>,1,1,>,,AC50,nM,,30000.0,CHEMBL203,Homo sapiens,Epidermal growth factor receptor erbB1,9606,,,AC50,uM,UO_0000065,,30.0
,"Summarised AC50 (mean value for measurements with a relation sign ""=""; largest value for measurements with relation sign "">"")",25168858,[],CHEMBL5291787,"Compound was evaluated for inhibition of human EGFR in an in vitro cell free assay measured by Caliper microfluidic capillary electrophoresis, time-resolved fluorescence resonance energy transfer method",F,,,BAO_0000186,BAO_0000019,assay format,C[C@H](CCC(=O)O)[C@H]1CC[C@H]2[C@@H]3[C@@H](O)C[C@@H]4C[C@H](O)CC[C@]4(C)[C@H]3CC[C@]12C,,,CHEMBL5291721,Nat Commun,2023,,CHEMBL1551,URSODIOL,CHEMBL1551,,0,http://www.openphacts.org/units/Nanomolar,3941254,>,1,1,>,,AC50,nM,,30000.0,CHEMBL203,Homo sapiens,Epidermal growth factor receptor erbB1,9606,,,AC50,uM,UO_0000065,,30.0
,"Summarised AC50 (mean value for measurements with a relation sign ""=""; largest value for measurements with relation sign "">"")",25168859,[],CHEMBL5291787,"Compound was evaluated for inhibition of human EGFR in an in vitro cell free assay measured by Caliper microfluidic capillary electrophoresis, time-resolved fluorescence resonance energy transfer method",F,,,BAO_0000186,BAO_0000019,assay format,C[C@H](CCC(=O)O)[C@H]1CC[C@H]2[C@@H]3[C@H](O)C[C@@H]4C[C@H](O)CC[C@]4(C)[C@H]3CC[C@]12C,,,CHEMBL5291721,Nat Commun,2023,,CHEMBL240597,CHENODIOL,CHEMBL240597,,0,http://www.openphacts.org/units/Nanomolar,3941521,>,1,1,>,,AC50,nM,,30000.0,CHEMBL203,Homo sapiens,Epidermal growth factor receptor erbB1,9606,,,AC50,uM,UO_0000065,,30.0
,"Summarised AC50 (mean value for measurements with a relation sign ""=""; largest value for measurements with relation sign "">"")",25168860,[],CHEMBL5291787,"Compound was evaluated for inhibition of human EGFR in an in vitro cell free assay measured by Caliper microfluidic capillary electrophoresis, time-resolved fluorescence resonance energy transfer method",F,,,BAO_0000186,BAO_0000019,assay format,Cc1nc(Nc2ncc(C(=O)Nc3c(C)cccc3Cl)s2)cc(N2CCN(CCO)CC2)n1,,,CHEMBL5291721,Nat Commun,2023,,CHEMBL1421,DASATINIB,CHEMBL1421,7.57,0,http://www.openphacts.org/units/Nanomolar,3940175,=,1,1,=,,AC50,nM,,27.0,CHEMBL203,Homo sapiens,Epidermal growth factor receptor erbB1,9606,,,AC50,uM,UO_0000065,,0.027
,"Summarised AC50 (mean value for measurements with a relation sign ""=""; largest value for measurements with relation sign "">"")",25168861,[],CHEMBL5291787,"Compound was evaluated for inhibition of human EGFR in an in vitro cell free assay measured by Caliper microfluidic capillary electrophoresis, time-resolved fluorescence resonance energy transfer method",F,,,BAO_0000186,BAO_0000019,assay format,Clc1ccc(Cn2c(CN3CCCC3)nc3ccccc32)cc1,,,CHEMBL5291721,Nat Commun,2023,,CHEMBL1407943,CLEMIZOLE,CHEMBL1407943,,0,http://www.openphacts.org/units/Nanomolar,3940116,>,1,1,>,,AC50,nM,,30000.0,CHEMBL203,Homo sapiens,Epidermal growth factor receptor erbB1,9606,,,AC50,uM,UO_0000065,,30.0
,"Summarised AC50 (mean value for measurements with a relation sign ""=""; largest value for measurements with relation sign "">"")",25168862,[],CHEMBL5291787,"Compound was evaluated for inhibition of human EGFR in an in vitro cell free assay measured by Caliper microfluidic capillary electrophoresis, time-resolved fluorescence resonance energy transfer method",F,,,BAO_0000186,BAO_0000019,assay format,c1cnc(N2CCN(Cc3ccc4c(c3)OCO4)CC2)nc1,,,CHEMBL5291721,Nat Commun,2023,,CHEMBL1371770,PIRIBEDIL,CHEMBL1371770,,0,http://www.openphacts.org/units/Nanomolar,3940927,>,1,1,>,,AC50,nM,,30000.0,CHEMBL203,Homo sapiens,Epidermal growth factor receptor erbB1,9606,,,AC50,uM,UO_0000065,,30.0
,"Summarised AC50 (mean value for measurements with a relation sign ""=""; largest value for measurements with relation sign "">"")",25168863,[],CHEMBL5291787,"Compound was evaluated for inhibition of human EGFR in an in vitro cell free assay measured by Caliper microfluidic capillary electrophoresis, time-resolved fluorescence resonance energy transfer method",F,,,BAO_0000186,BAO_0000019,assay format,CCc1cc2c(cc1N1CCC(N3CCOCC3)CC1)C(C)(C)c1[nH]c3cc(C#N)ccc3c1C2=O,,,CHEMBL5291721,Nat Commun,2023,,CHEMBL1738797,ALECTINIB,CHEMBL1738797,5.48,0,http://www.openphacts.org/units/Nanomolar,3941616,=,1,1,=,,AC50,nM,,3300.0,CHEMBL203,Homo sapiens,Epidermal growth factor receptor erbB1,9606,,,AC50,uM,UO_0000065,,3.3
,"Summarised AC50 (mean value for measurements with a relation sign ""=""; largest value for measurements with relation sign "">"")",25168864,[],CHEMBL5291787,"Compound was evaluated for inhibition of human EGFR in an in vitro cell free assay measured by Caliper microfluidic capillary electrophoresis, time-resolved fluorescence resonance energy transfer method",F,,,BAO_0000186,BAO_0000019,assay format,C1CCC(C(CC2CCCCN2)C2CCCCC2)CC1,,,CHEMBL5291721,Nat Commun,2023,,CHEMBL75880,PERHEXILINE,CHEMBL75880,,0,http://www.openphacts.org/units/Nanomolar,3940879,>,1,1,>,,AC50,nM,,30000.0,CHEMBL203,Homo sapiens,Epidermal growth factor receptor erbB1,9606,,,AC50,uM,UO_0000065,,30.0
,"Summarised AC50 (mean value for measurements with a relation sign ""=""; largest value for measurements with relation sign "">"")",25168865,[],CHEMBL5291787,"Compound was evaluated for inhibition of human EGFR in an in vitro cell free assay measured by Caliper microfluidic capillary electrophoresis, time-resolved fluorescence resonance energy transfer method",F,,,BAO_0000186,BAO_0000019,assay format,Cn1nnc2c(C(N)=O)ncn2c1=O,,,CHEMBL5291721,Nat Commun,2023,,CHEMBL810,TEMOZOLOMIDE,CHEMBL810,,0,http://www.openphacts.org/units/Nanomolar,3941140,>,1,1,>,,AC50,nM,,30000.0,CHEMBL203,Homo sapiens,Epidermal growth factor receptor erbB1,9606,,,AC50,uM,UO_0000065,,30.0
,"Summarised AC50 (mean value for measurements with a relation sign ""=""; largest value for measurements with relation sign "">"")",25168866,[],CHEMBL5291787,"Compound was evaluated for inhibition of human EGFR in an in vitro cell free assay measured by Caliper microfluidic capillary electrophoresis, time-resolved fluorescence resonance energy transfer method",F,,,BAO_0000186,BAO_0000019,assay format,CC(=O)S[C@@H]1CC2=CC(=O)CC[C@]2(C)[C@H]2CC[C@@]3(C)[C@@H](CC[C@@]34CCC(=O)O4)[C@H]12,,,CHEMBL5291721,Nat Commun,2023,,CHEMBL1393,SPIRONOLACTONE,CHEMBL1393,,0,http://www.openphacts.org/units/Nanomolar,3941081,>,1,1,>,,AC50,nM,,30000.0,CHEMBL203,Homo sapiens,Epidermal growth factor receptor erbB1,9606,,,AC50,uM,UO_0000065,,30.0
,"Summarised AC50 (mean value for measurements with a relation sign ""=""; largest value for measurements with relation sign "">"")",25168867,[],CHEMBL5291787,"Compound was evaluated for inhibition of human EGFR in an in vitro cell free assay measured by Caliper microfluidic capillary electrophoresis, time-resolved fluorescence resonance energy transfer method",F,,,BAO_0000186,BAO_0000019,assay format,CCN(CC)CCNC(=O)c1c(C)[nH]c(/C=C2\C(=O)Nc3ccc(F)cc32)c1C,,,CHEMBL5291721,Nat Commun,2023,,CHEMBL535,SUNITINIB,CHEMBL535,5.07,0,http://www.openphacts.org/units/Nanomolar,3941117,=,1,1,=,,AC50,nM,,8600.0,CHEMBL203,Homo sapiens,Epidermal growth factor receptor erbB1,9606,,,AC50,uM,UO_0000065,,8.6
